{"means": [0.05022126334262411, 0.5681818181818182, 2.2954545454545454, -0.023938479602405905, -0.011682183934783836, -0.03641291804633451, -0.009194478993990214, 0.0404858247398652, 0.032542173076429724, -0.07357066469022476, -0.023689373464442623, -0.022643092325977325, 0.05668214584516177, 0.013659780231036395, -0.011938718233295727, -0.028598099802444977, -0.032424436106344, -0.030928359592098446, -0.04212446278788152, 0.021087593381386563, 0.021779681318916676, -0.03057211695930501, 0.0013236374970921052, -0.00615897872447578, -0.006838827073786401, -0.018037529126308467, -0.05533643802810063, 0.027486230965755695, -0.01897445282152481, 0.03383933219872681, 0.04692094690878125, -0.0369407469055356, -0.015392532250453204, -0.014924805438691511, -0.017567887175101313, 0.053411180239368646, -0.04780225385141506, -0.026141500578128085, 0.04304199976371908, 0.02434388140336035, 0.004517228686881194, 0.002292482978908363, -0.061227156310126936, -0.007479444332828915, 0.019227641034935846, 0.006211033514421575, 0.02698885297514215, 0.0007571544056651469, -0.038564000999482026, 0.05262000484522152, -0.015884327249642134, -0.027636738980200082, 0.021760192877189586, -0.005320017285433702, -0.04012884950341672, -0.0596985499625706, 0.0022219592194889747], "stds": [0.9766303615024979, 0.49532942540234937, 0.7149765451083667, 1.0227420830278795, 0.9830309582688926, 0.9960544836209838, 1.0255532526075124, 1.0000281241156417, 1.0374419865247533, 0.9388923206674137, 0.9682318370178419, 1.0228002100041782, 0.9549747022885174, 1.0213610546288965, 0.9669245698679758, 1.0273632258690943, 0.9113956375030089, 0.9874263047314629, 1.0411697991787803, 0.9944201240082092, 1.0328352088958241, 0.9760056236680392, 0.991481674437663, 0.974439452336428, 1.0019849215412788, 1.001638634210478, 1.0214983579777779, 1.0150090206470532, 1.0137980518511323, 1.0036894737477182, 0.9962800681771107, 0.9607533173339319, 1.0061479388900567, 1.0081611569796605, 0.9918782361130228, 0.9817056319490333, 1.013720063877628, 1.023956473122934, 0.9929094944843461, 1.0109643420829333, 0.9078768334894807, 0.9978433063018658, 0.9692439294437165, 1.054037679903245, 1.0157740411933007, 0.9896507120625552, 0.9933771243459036, 0.9926122518041358, 0.9561529214288674, 1.0034239809358345, 0.990063925358145, 1.0132805730339325, 1.0006832003060153, 1.018187351319917, 1.0319993488716481, 0.9765079396806381, 1.040665806756057], "top_genes": ["MMP3", "MARCO", "GALNT13", "EBF2", "FABP5", "CYSRT1", "LYVE1", "KCND2", "CRABP2", "EPPK1", "PDK4", "RGS7BP", "BBOX1", "HYAL4", "SLC18A3", "KNDC1", "CLEC2A", "ELF3", "APELA", "SLC26A9", "C7", "C12orf54", "SMIM5", "C5orf46", "IL17A", "C11orf87", "KRT17", "GPRIN2", "EPHA6", "VAT1L", "ADAMTSL3", "CEACAM19", "ADRA1A", "ENDOU", "ANKRD35", "RHCG", "IGFL3", "FOXQ1", "CDH10", "RNF39", "ALDH3A1", "B4GALNT2", "IL20RB", "SCNN1A", "CFAP251", "BMP5", "ZNF648", "CAPN6", "KLHL13", "FLG", "EPS8L1", "CYP4F3", "NTSR1", "HS6ST2"], "clinical_features": ["age", "sex", "stage"]}