{"means": [1.2916605757361754, 0.09319249999983789, 1.0029441796114043, 5.12157672390283, 0.14231640799427206, 0.07673493715384007, 1.2656032046287344, 2.014616332348827, 0.09411720606998121, 0.6662589013444834, 0.3634066339929949, 3.509481699270438, 0.1597603125976418, 0.8625482835852584, 0.17918443361024539, 0.5041854137201259, 3.1151140249723777, 0.2738037648319315, 0.2950618675267005, 0.468259926936362, 0.08803795808555309, 1.1418512409027952, 0.06240785774309521, 0.6822109402289217, 0.03561734229462976, 0.5254830219021113, 0.21966346552943802, 0.0622605775529354, 0.6850870401142366, 0.38917981549211084, 0.036639784814743226, 0.1486975081188441, 0.23440311682334344, 1.1163202870019064, 0.4088357512708091, 2.0310225099044574, 2.5377282587705414, 0.5739118737063996, 0.07667652912671444, 0.9670993703295384, 0.10721894517407078, 0.020290987634157615, 0.3901861244240554, 2.2976460363443003, 0.362617133735719, 0.7445971655811313, 0.36420583091477104, 0.04672692966615653, 0.7294998099826514, 4.594020969983925, 0.3101762875811248, 0.25667415235073987, 0.15670473391597337, 0.2587751478304054, 0.06503158126401205, 1.432780133143264, 0.19351709360311292, 4.763886926545506, 0.31300689231255646, 1.1172508530577425, 0.08276288997358898, 0.03549814388711479, 0.6478097501722235], "stds": [1.6138764970392299, 0.2129377699038733, 1.1353173548258193, 1.9383223907496425, 0.40268130286557285, 0.2916157589259282, 1.1657520627656097, 1.3626677097418451, 0.3069754707773338, 0.8196799836807701, 0.809301807602437, 0.6386493176920833, 0.4013236060995453, 1.2598394806342652, 0.506713318792411, 1.2359448142394, 0.586816565314672, 0.52211779214024, 0.714328998255052, 0.7036311246342178, 0.28621294306267614, 0.8800807711418794, 0.11050989206034506, 0.7613177613200569, 0.2586602396571641, 0.4988035902996983, 0.3962969884613743, 0.2537199007665504, 1.06689292679198, 0.8111566722349989, 0.10145586502735866, 0.2839573182871991, 0.4095383201792948, 0.9853151266051251, 0.9198063459273822, 1.6954331200477055, 2.5710959081319733, 1.1936018258189531, 0.16938801633382042, 1.118602230444774, 0.24391232726460366, 0.03291811466177571, 0.6726178835760033, 1.239788036123708, 0.9203021936975128, 0.8580166902218982, 0.4700424674414207, 0.09561552631499967, 0.9341614074806371, 3.1370618742816765, 0.5936409972946043, 0.6231735102949771, 0.28585715940415807, 0.44443848206670883, 0.2970567120574752, 1.0121099636567739, 0.35338544698800445, 1.1788919013283117, 0.5512818013966964, 1.3620286880511179, 0.23127471975399982, 0.12600922732615766, 0.7910624264562762]}